poll_link_1,poll_link_1/_text,poll_link_1/_title,poll_link_2,poll_link_2/_text,poll_link_2/_title,date_value,year_value,trump_value,carson_value,cruz_value,rubio_value,bush_number,fiorina_value,christie_number,kasich_value,huckabee_value,paul_number,pataki_value,graham_value,santorum_value,spread_value
http://www.cbsnews.com/news/poll-donald-trump-top-ted-cruz-second-hillary-clinton-over-bernie-sanders/,CBS/NY Times,,http://www.cbsnews.com/news/poll-donald-trump-top-ted-cruz-second-hillary-clinton-over-bernie-sanders/,CBS/NY Times,,12/4 - 12/8,2015,35,13,16,9,3,1,3,3,3,4,0,0,0,Trump +19
http://www.usatoday.com/story/news/politics/elections/2015/12/08/poll-trump-cruz-rubio-clinton-sanders/76948760/,USA Today/Suffolk,,http://www.usatoday.com/story/news/politics/elections/2015/12/08/poll-trump-cruz-rubio-clinton-sanders/76948760/,USA Today,,12/2 - 12/6,2015,27,10,17,16,4,1,2,2,1,2,0,0,1,Trump +10
http://news.investors.com/ibd-editorials-polls/120715-784022-trump-leads-gop-carson-tied-with-rubio-cruz-ibd-tipp-poll.htm?p=full,IBD/TIPP,,http://news.investors.com/ibd-editorials-polls/120715-784022-trump-leads-gop-carson-tied-with-rubio-cruz-ibd-tipp-poll.htm?p=full,IBD/TIPP,,11/30 - 12/4,2015,27,15,13,14,3,3,2,2,2,2,0,0,0,Trump +12
http://i2.cdn.turner.com/cnn/2015/images/12/04/cnnorc12042015gopprimarypoll.pdf,CNN/ORC,,http://i2.cdn.turner.com/cnn/2015/images/12/04/cnnorc12042015gopprimarypoll.pdf,CNN/ORC,,11/27 - 12/1,2015,36,14,16,12,3,3,4,2,2,1,0,0,0,Trump +20
http://www.quinnipiac.edu/images/polling/us/us12022015_U45hkpp.pdf,Quinnipiac,,http://www.quinnipiac.edu/images/polling/us/us12022015_U45hkpp.pdf,Quinnipiac,,11/23 - 11/30,2015,27,16,16,17,5,3,2,2,1,2,0,0,0,Trump +10
http://www.foxnews.com/politics/interactive/2015/11/20/fox-news-poll-2016-matchups-syrian-refugees/,FOX News,,http://www.foxnews.com/politics/interactive/2015/11/20/fox-news-poll-2016-matchups-syrian-refugees/,FOX News,,11/16 - 11/19,2015,28,18,14,14,5,3,3,2,3,2,1,0,0,Trump +10
http://www.langerresearch.com/wp-content/uploads/1173a22016Election.pdf,ABC/Wash Post,,http://www.langerresearch.com/wp-content/uploads/1173a22016Election.pdf,ABC/WP,,11/16 - 11/19,2015,32,22,8,11,6,4,2,3,3,3,0,1,1,Trump +10
http://www.publicpolicypolling.com/pdf/2015/PPP_Release_National_111915.pdf,PPP (D),,http://www.publicpolicypolling.com/pdf/2015/PPP_Release_National_111915.pdf,PPP (D),,11/16 - 11/17,2015,26,19,14,13,5,4,3,3,4,2,1,1,0,Trump +7
https://www.scribd.com/doc/290373723/Bloomberg-Politics-National-Poll-GOP-Nov-19-2015,Bloomberg,,https://www.scribd.com/doc/290373723/Bloomberg-Politics-National-Poll-GOP-Nov-19-2015,Bloomberg,,11/15 - 11/17,2015,24,20,9,12,6,3,4,3,3,3,1,1,1,Trump +4
http://www.foxnews.com/politics/interactive/2015/11/04/fox-poll-gop-nomination-race-coming-into-focus/,FOX News,,http://www.foxnews.com/politics/interactive/2015/11/04/fox-poll-gop-nomination-race-coming-into-focus/,FOX News,,11/1 - 11/3,2015,26,23,11,11,4,3,2,4,4,4,0,0,0,Trump +3
http://www.mcclatchydc.com/news/politics-government/election/article43495575.html,McClatchy/Marist,,http://www.mcclatchydc.com/news/politics-government/election/article43495575.html,McClatchy,,10/29 - 11/4,2015,23,24,8,12,8,3,2,4,3,5,1,0,1,Carson +1
http://www.quinnipiac.edu/images/polling/us/us11042015_xsq33a.pdf,Quinnipiac,,http://www.quinnipiac.edu/images/polling/us/us11042015_xsq33a.pdf,Quinnipiac,,10/29 - 11/2,2015,24,23,13,14,4,3,3,3,1,2,0,0,1,Trump +1
http://msnbcmedia.msn.com/i/MSNBC/Sections/A_Politics/15463%20NBCWSJ%20Late%20October%20Poll%2011-3-15%20Release.pdf,NBC/WSJ,,http://msnbcmedia.msn.com/i/MSNBC/Sections/A_Politics/15463%20NBCWSJ%20Late%20October%20Poll%2011-3-15%20Release.pdf,NBC/WSJ,,10/25 - 10/29,2015,23,29,10,11,8,3,3,3,3,2,0,0,0,Carson +6
http://news.investors.com/ibd-editorials-polls/103015-778378-donald-trump-leads-ben-carson-second-in-ibd-tipp-poll.htm?ref=HPLNews,IBD/TIPP,,http://news.investors.com/ibd-editorials-polls/103015-778378-donald-trump-leads-ben-carson-second-in-ibd-tipp-poll.htm?ref=HPLNews,IBD/TIPP,,10/24 - 10/29,2015,28,23,6,11,6,3,1,1,1,2,0,0,1,Trump +5
http://www.cbsnews.com/news/cbsnyt-poll-ben-carson-edges-out-donald-trump/,CBS/NY Times,,http://www.cbsnews.com/news/cbsnyt-poll-ben-carson-edges-out-donald-trump/,CBS/NYT,,10/21 - 10/25,2015,22,26,4,8,7,7,1,4,4,4,0,2,1,Carson +4
http://www.nbcnews.com/meet-the-press/poll-trump-hits-highest-mark-yet-carson-close-behind-n447291,NBC/WSJ,,http://www.nbcnews.com/meet-the-press/poll-trump-hits-highest-mark-yet-carson-close-behind-n447291,NBC/WSJ,,10/15 - 10/18,2015,25,22,9,13,8,7,1,3,3,2,0,0,0,Trump +3
http://www.monmouth.edu/assets/0/32212254770/32212254991/32212254992/32212254994/32212254995/30064771087/1c284c69-c5e0-4498-bd3b-797b7ba1be54.pdf,Monmouth,,http://www.monmouth.edu/assets/0/32212254770/32212254991/32212254992/32212254994/32212254995/30064771087/1c284c69-c5e0-4498-bd3b-797b7ba1be54.pdf,Monmouth,,10/15 - 10/18,2015,28,18,10,6,5,6,3,1,4,4,0,1,0,Trump +10
http://apps.washingtonpost.com/g/page/politics/washington-post-abc-news-poll-oct-15-18-2015/1852/,ABC/Wash Post,,http://apps.washingtonpost.com/g/page/politics/washington-post-abc-news-poll-oct-15-18-2015/1852/,ABC/WP,,10/15 - 10/18,2015,32,22,6,10,7,5,3,2,3,2,1,1,0,Trump +10
http://i2.cdn.turner.com/cnn/2015/images/10/19/rel11b.-.republicans.pdf,CNN/ORC,,http://i2.cdn.turner.com/cnn/2015/images/10/19/rel11b.-.republicans.pdf,CNN/ORC,,10/14 - 10/17,2015,27,22,4,8,8,4,4,3,5,5,0,1,2,Trump +5
http://www.foxnews.com/politics/interactive/2015/10/13/fox-news-poll-carson-giving-trump-run-for-his-money/,FOX News,,http://www.foxnews.com/politics/interactive/2015/10/13/fox-news-poll-carson-giving-trump-run-for-his-money/,FOX News,,10/10 - 10/12,2015,24,23,10,9,8,5,1,1,5,3,1,0,0,Trump +1
http://www.cbsnews.com/news/poll-trump-still-leads-carson-in-second/,CBS News,,http://www.cbsnews.com/news/poll-trump-still-leads-carson-in-second/,CBS News,,10/4 - 10/8,2015,27,21,9,8,6,6,3,2,2,4,0,0,1,Trump +6
http://www.publicpolicypolling.com/pdf/2015/PPP_Release_NationalGOP_100615.pdf,PPP (D),,http://www.publicpolicypolling.com/pdf/2015/PPP_Release_NationalGOP_100615.pdf,PPP (D),,10/1 - 10/4,2015,27,17,7,13,10,6,2,4,4,2,1,1,2,Trump +10
http://news.investors.com/ibd-editorials-polls/100215-773897-donald-trump-trails-ben-carson-in-ibd-tipp-poll.htm,IBD/TIPP,,http://news.investors.com/ibd-editorials-polls/100215-773897-donald-trump-trails-ben-carson-in-ibd-tipp-poll.htm,IBD/TIPP,,9/26 - 10/1,2015,17,24,6,11,8,9,2,4,2,3,0,0,0,Carson +7
http://www.suffolk.edu/documents/SUPRC/9_30_2015_marginals.pdf,USAT/Suffolk,,http://www.suffolk.edu/documents/SUPRC/9_30_2015_marginals.pdf,USA Today,,9/24 - 9/28,2015,23,13,6,9,8,13,1,2,2,2,0,1,0,Trump +10
http://www.people-press.org/files/2015/10/10-02-2015-2016-topline-for-release1.pdf,Pew Research*,,http://www.people-press.org/files/2015/10/10-02-2015-2016-topline-for-release1.pdf,Pew*,,9/22 - 9/27,2015,25,16,6,8,4,8,1,1,2,2,0,1,0,Trump +9
http://www.nbcnews.com/meet-the-press/nbc-wsj-poll-2016-gop-race-n433991,NBC/WSJ,,http://www.nbcnews.com/meet-the-press/nbc-wsj-poll-2016-gop-race-n433991,NBC/WSJ,,9/20 - 9/24,2015,21,20,5,11,7,11,3,6,2,3,0,0,1,Trump +1
http://www.foxnews.com/politics/interactive/2015/09/23/fox-news-poll-2016-election-pope-francis-popularity/,FOX News,,http://www.foxnews.com/politics/interactive/2015/09/23/fox-news-poll-2016-election-pope-francis-popularity/,FOX News,,9/20 - 9/22,2015,26,18,8,9,7,9,5,4,3,2,1,0,0,Trump +8
http://images.businessweek.com/cms/2015-09-23/150924_thursday_8698175.pdf,Bloomberg,,http://images.businessweek.com/cms/2015-09-23/150924_thursday_8698175.pdf,Bloomberg,,9/18 - 9/21,2015,21,16,5,8,13,11,4,4,3,2,0,0,1,Trump +5
http://www.quinnipiac.edu/images/polling/us/us09242015_ui47mfb.pdf,Quinnipiac,,http://www.quinnipiac.edu/images/polling/us/us09242015_ui47mfb.pdf,Quinnipiac,,9/17 - 9/21,2015,25,17,7,9,10,12,2,2,2,1,1,0,0,Trump +8
http://i2.cdn.turner.com/cnn/2015/images/09/20/rel10a.pdf,CNN/ORC,,http://i2.cdn.turner.com/cnn/2015/images/09/20/rel10a.pdf,CNN/ORC,,9/17 - 9/19,2015,24,14,6,11,9,15,3,2,6,4,0,0,1,Trump +9
https://www.scribd.com/doc/281089933/CBS-News-NYT-GOP-poll-toplines-9-15-15,CBS/NY Times,,https://www.scribd.com/doc/281089933/CBS-News-NYT-GOP-poll-toplines-9-15-15,CBS/NYT,,9/9 - 9/13,2015,27,23,5,6,6,4,1,3,6,3,0,0,1,Trump +4
http://abcnews.go.com/Politics/clintons-support-drops-trump-carson-surge-gop-race/story?id=33695818,ABC/Wash Post,,http://abcnews.go.com/Politics/clintons-support-drops-trump-carson-surge-gop-race/story?id=33695818,ABC/WP,,9/7 - 9/10,2015,33,20,7,7,8,2,1,3,3,5,0,0,1,Trump +13
http://i2.cdn.turner.com/cnn/2015/images/09/10/rel9a.-.gop.2016.pdf,CNN/ORC,,http://i2.cdn.turner.com/cnn/2015/images/09/10/rel9a.-.gop.2016.pdf,CNN/ORC,,9/4 - 9/8,2015,32,19,7,3,9,3,2,2,5,3,0,1,1,Trump +13
http://www.monmouth.edu/assets/0/32212254770/32212254991/32212254992/32212254994/32212254995/30064771087/6f102b2c-508f-4bc3-8cd9-6f650f4bcc3a.pdf,Monmouth,,http://www.monmouth.edu/assets/0/32212254770/32212254991/32212254992/32212254994/32212254995/30064771087/6f102b2c-508f-4bc3-8cd9-6f650f4bcc3a.pdf,Monmouth,,8/31 - 9/2,2015,30,18,8,5,8,4,2,2,4,2,0,0,0,Trump +12
http://www.realclearpolitics.com/docs/2016/PPP_National_Poll_Aug_28-30_Rep.pdf,PPP (D),,http://www.realclearpolitics.com/docs/2016/PPP_National_Poll_Aug_28-30_Rep.pdf,PPP (D),,8/28 - 8/30,2015,29,15,6,7,9,8,2,6,5,1,0,0,2,Trump +14
http://www.quinnipiac.edu/images/polling/us/us08272015_Ueg38d.pdf,Quinnipiac,,http://www.quinnipiac.edu/images/polling/us/us08272015_Ueg38d.pdf,Quinnipiac,,8/20 - 8/25,2015,28,12,7,7,7,5,4,5,3,2,0,0,1,Trump +16
http://i2.cdn.turner.com/cnn/2015/images/08/17/rel8a.-.gop.2016.pdf,CNN/ORC,,http://i2.cdn.turner.com/cnn/2015/images/08/17/rel8a.-.gop.2016.pdf,CNN/ORC,,8/13 - 8/16,2015,24,9,5,8,13,5,3,5,4,6,0,0,1,Trump +11
http://www.foxnews.com/politics/interactive/2015/08/14/fox-news-poll-sanders-gains-on-clinton/,FOX News,,http://www.foxnews.com/politics/interactive/2015/08/14/fox-news-poll-sanders-gains-on-clinton/,FOX News,,8/11 - 8/13,2015,25,12,10,4,9,5,3,4,6,3,1,0,1,Trump +13
http://www.rasmussenreports.com/public_content/politics/elections/election_2016/has_the_donald_peaked,Rasmussen,,http://www.rasmussenreports.com/public_content/politics/elections/election_2016/has_the_donald_peaked,Rasmussen,,8/9 - 8/10,2015,17,8,7,10,10,9,4,4,3,4,0,1,1,Trump +7
http://www.foxnews.com/politics/interactive/2015/08/03/poll-new-high-for-trump-new-low-for-clinton/,FOX News,,http://www.foxnews.com/politics/interactive/2015/08/03/poll-new-high-for-trump-new-low-for-clinton/,FOX News,,7/30 - 8/2,2015,26,7,6,5,15,2,3,3,6,5,0,0,2,Trump +11
http://www.monmouth.edu/assets/0/32212254770/32212254991/32212254992/32212254994/32212254995/30064771087/67f674c8-fd4a-4a93-afbc-8b246a83da56.pdf,Monmouth,,http://www.monmouth.edu/assets/0/32212254770/32212254991/32212254992/32212254994/32212254995/30064771087/67f674c8-fd4a-4a93-afbc-8b246a83da56.pdf,Monmouth,,7/30 - 8/2,2015,26,5,6,4,12,2,4,3,6,4,0,1,1,Trump +14
http://images.businessweek.com/cms/2015-08-04/8302475320_tue.pdf,Bloomberg,,http://images.businessweek.com/cms/2015-08-04/8302475320_tue.pdf,Bloomberg,,7/30 - 8/2,2015,21,5,4,6,10,1,4,4,7,5,0,1,2,Trump +11
https://www.scribd.com/doc/273490309/CBS-News-GOP-presidential-candidates-poll,CBS News,,https://www.scribd.com/doc/273490309/CBS-News-GOP-presidential-candidates-poll,CBS News,,7/29 - 8/2,2015,24,6,6,6,13,0,3,1,8,4,1,0,1,Trump +11
http://www.wsj.com/articles/donald-trump-leads-republican-presidential-pack-wsj-nbc-poll-finds-1438520400,NBC/WSJ,,http://www.wsj.com/articles/donald-trump-leads-republican-presidential-pack-wsj-nbc-poll-finds-1438520400,NBC/WSJ,,7/26 - 7/30,2015,19,10,9,5,14,0,3,3,6,6,0,0,1,Trump +4
http://www.quinnipiac.edu/images/polling/us/us07302015_U645de.pdf,Quinnipiac,,http://www.quinnipiac.edu/images/polling/us/us07302015_U645de.pdf,Quinnipiac,,7/23 - 7/28,2015,20,6,5,6,10,1,3,5,6,6,1,1,1,Trump +7
http://www.rasmussenreports.com/public_content/politics/elections/election_2016/trump_is_well_ahead_as_first_debate_looms,Rasmussen,,http://www.rasmussenreports.com/public_content/politics/elections/election_2016/trump_is_well_ahead_as_first_debate_looms,Rasmussen,,7/26 - 7/27,2015,26,5,7,5,10,1,2,5,7,3,1,1,2,Trump +12
https://www.documentcloud.org/documents/2179399-cnn-orc-poll-2016-election-9-a-m-july-26-2015.html,CNN/ORC,,https://www.documentcloud.org/documents/2179399-cnn-orc-poll-2016-election-9-a-m-july-26-2015.html,CNN/ORC,,7/22 - 7/25,2015,18,4,7,6,15,1,4,4,5,6,1,1,2,Trump +3
http://www.publicpolicypolling.com/pdf/2015/PPP_Release_National_72215.pdf,PPP (D),,http://www.publicpolicypolling.com/pdf/2015/PPP_Release_National_72215.pdf,PPP (D),,7/20 - 7/21,2015,19,10,4,10,12,4,3,3,8,4,0,0,1,Trump +2
http://www.langerresearch.com/wp-content/uploads/1170a22016Politics.pdf,ABC/Wash Post,,http://www.langerresearch.com/wp-content/uploads/1170a22016Politics.pdf,ABC/WP,,7/16 - 7/19,2015,24,6,4,7,12,0,3,2,8,6,1,0,1,Trump +11
http://www.foxnews.com/politics/interactive/2015/07/16/fox-news-poll-trust-in-iran-nearly-triples-among-democrats-clinton-nature-is-to/,FOX News,,http://www.foxnews.com/politics/interactive/2015/07/16/fox-news-poll-trust-in-iran-nearly-triples-among-democrats-clinton-nature-is-to/,FOX News,,7/13 - 7/15,2015,18,6,4,7,14,1,3,2,4,8,0,0,2,Trump +3
https://www.suffolk.edu/documents/SUPRC/7_14_2015_marginals.pdf,USAT/Suffolk,,https://www.suffolk.edu/documents/SUPRC/7_14_2015_marginals.pdf,USA Today,,7/9 - 7/12,2015,17,4,6,5,14,1,3,1,4,4,0,0,1,Trump +3
http://www.monmouth.edu/assets/0/32212254770/32212254991/32212254992/32212254994/32212254995/30064771087/d56c8128-f211-4a0e-a413-f4716c83cf65.pdf,Monmouth,,http://www.monmouth.edu/assets/0/32212254770/32212254991/32212254992/32212254994/32212254995/30064771087/d56c8128-f211-4a0e-a413-f4716c83cf65.pdf,Monmouth,,7/9 - 7/12,2015,13,6,9,6,15,1,2,1,7,6,0,0,2,Bush +2
http://i2.cdn.turner.com/cnn/2015/images/06/30/trumpbushclinton.pdf,CNN/ORC,,http://i2.cdn.turner.com/cnn/2015/images/06/30/trumpbushclinton.pdf,CNN/ORC,,6/26 - 6/28,2015,12,7,3,6,19,1,3,2,8,7,0,1,3,Bush +7
http://www.foxnews.com/politics/interactive/2015/06/24/0624152016iranweb/,FOX News,,http://www.foxnews.com/politics/interactive/2015/06/24/0624152016iranweb/,FOX News,,6/21 - 6/23,2015,11,10,4,8,15,3,2,2,6,9,1,1,3,Bush +4
http://msnbcmedia.msn.com/i/MSNBC/Sections/A_Politics/6_22_PollPDF.pdf,NBC/WSJ,,http://msnbcmedia.msn.com/i/MSNBC/Sections/A_Politics/6_22_PollPDF.pdf,NBC/WSJ,,6/14 - 6/18,2015,1,11,4,14,22,2,4,1,9,7,0,1,0,Bush +5
http://www.monmouth.edu/assets/0/32212254770/32212254991/32212254992/32212254994/32212254995/30064771087/1c2a9e72-6933-46c4-9d68-87d264821039.pdf,Monmouth,,http://www.monmouth.edu/assets/0/32212254770/32212254991/32212254992/32212254994/32212254995/30064771087/1c2a9e72-6933-46c4-9d68-87d264821039.pdf,Monmouth,,6/11 - 6/14,2015,2,11,5,9,9,2,4,1,8,6,0,2,3,Carson +1
http://www.foxnews.com/politics/interactive/2015/06/03/0603152016nsaweb/,FOX News,,http://www.foxnews.com/politics/interactive/2015/06/03/0603152016nsaweb/,FOX News,,5/31 - 6/2,2015,4,11,8,7,12,2,5,2,6,9,2,2,2,Tie
http://i2.cdn.turner.com/cnn/2015/images/06/01/2016.poll.pdf,CNN/ORC,,http://i2.cdn.turner.com/cnn/2015/images/06/01/2016.poll.pdf,CNN/ORC,,5/29 - 5/31,2015,3,7,8,14,13,1,4,1,10,8,3,1,2,Rubio +1
http://www.washingtonpost.com/page/2010-2019/WashingtonPost/2015/06/02/National-Politics/Polling/release_396.xml,ABC/Wash Post,,http://www.washingtonpost.com/page/2010-2019/WashingtonPost/2015/06/02/National-Politics/Polling/release_396.xml,ABC/WP,,5/28 - 5/31,2015,4,8,8,10,10,2,6,3,9,11,1,1,4,Tie
http://www.quinnipiac.edu/news-and-events/quinnipiac-university-poll/national/release-detail?ReleaseID=2228,Quinnipiac,,http://www.quinnipiac.edu/news-and-events/quinnipiac-university-poll/national/release-detail?ReleaseID=2228,Quinnipiac,,5/19 - 5/26,2015,5,10,6,10,10,2,4,2,10,7,0,1,0,Tie
http://www.foxnews.com/politics/interactive/2015/05/13/fox-news-polls-huckabee-seen-as-more-ethical-than-most-clintons-favorable-slips/,FOX News,,http://www.foxnews.com/politics/interactive/2015/05/13/fox-news-polls-huckabee-seen-as-more-ethical-than-most-clintons-favorable-slips/,FOX News,,5/9 - 5/12,2015,4,13,6,9,13,1,6,2,10,7,0,0,2,Tie
http://www.publicpolicypolling.com/pdf/2015/PPP_Release_National_51315.pdf,PPP (D),,http://www.publicpolicypolling.com/pdf/2015/PPP_Release_National_51315.pdf,PPP (D),,5/7 - 5/10,2015,0,12,10,13,11,0,5,0,12,9,0,0,0,Walker +5
http://msnbcmedia.msn.com/i/MSNBC/Sections/A_Politics/SECTION_More_Politics/V215179%20NBC-WSJ%20APRIL%20Poll%20(2).pdf,NBC/WSJ,,http://msnbcmedia.msn.com/i/MSNBC/Sections/A_Politics/SECTION_More_Politics/V215179%20NBC-WSJ%20APRIL%20Poll%20(2).pdf,NBC/WSJ,,4/26 - 4/30,2015,0,7,11,18,23,1,5,0,5,11,0,0,0,Bush +5
http://www.foxnews.com/politics/interactive/2015/04/23/fox-news-poll-042315/,FOX News,,http://www.foxnews.com/politics/interactive/2015/04/23/fox-news-poll-042315/,FOX News,,4/19 - 4/21,2015,5,6,8,13,9,0,6,2,9,10,1,1,1,Rubio +1
http://www.quinnipiac.edu/news-and-events/quinnipiac-university-poll/national/release-detail?ReleaseID=2221,Quinnipiac,,http://www.quinnipiac.edu/news-and-events/quinnipiac-university-poll/national/release-detail?ReleaseID=2221,Quinnipiac,,4/16 - 4/21,2015,0,3,9,15,13,1,7,2,7,8,0,2,2,Rubio +2
http://i2.cdn.turner.com/cnn/2015/images/04/20/cnnorc2016poll04202015.pdf,CNN/ORC,,http://i2.cdn.turner.com/cnn/2015/images/04/20/cnnorc2016poll04202015.pdf,CNN/ORC,,4/16 - 4/19,2015,0,4,7,11,17,2,4,2,9,11,0,2,3,Bush +5
http://www.foxnews.com/politics/interactive/2015/04/02/fox-news-poll-more-families-feel-worse-than-better-as-result-obamacare-walker/,FOX News,,http://www.foxnews.com/politics/interactive/2015/04/02/fox-news-poll-more-families-feel-worse-than-better-as-result-obamacare-walker/,FOX News,,3/29 - 3/31,2015,3,11,10,8,12,1,4,1,10,9,1,0,2,Walker +3
http://www.langerresearch.com/uploads/1167a32016.pdf,ABC/Wash Post,,http://www.langerresearch.com/uploads/1167a32016.pdf,ABC/WP,,3/26 - 3/29,2015,0,6,12,8,21,1,7,1,8,8,0,1,2,Bush +8
http://www.publicpolicypolling.com/pdf/2015/PPP_National_40115.pdf,PPP (D),,http://www.publicpolicypolling.com/pdf/2015/PPP_National_40115.pdf,PPP (D),,3/26 - 3/31,2015,0,10,16,6,17,0,4,0,6,10,0,0,0,Walker +3
http://i2.cdn.turner.com/cnn/2015/images/03/17/poll.2016.pdf,CNN/ORC,,http://i2.cdn.turner.com/cnn/2015/images/03/17/poll.2016.pdf,CNN/ORC,,3/13 - 3/15,2015,0,9,4,7,16,0,7,2,10,12,0,1,1,Bush +3
https://s3.amazonaws.com/s3.documentcloud.org/documents/1682657/mcclatchy-marist-poll-2016-nature-of-the-sample.pdf#storylink=relast,McClatchy/Marist,,https://s3.amazonaws.com/s3.documentcloud.org/documents/1682657/mcclatchy-marist-poll-2016-nature-of-the-sample.pdf#storylink=relast,McClatchy,,3/1 - 3/4,2015,0,9,4,5,19,2,6,0,10,7,0,1,2,Bush +1
http://www.quinnipiac.edu/news-and-events/quinnipiac-university-poll/national/release-detail?ReleaseID=2172,Quinnipiac,,http://www.quinnipiac.edu/news-and-events/quinnipiac-university-poll/national/release-detail?ReleaseID=2172,Quinnipiac,,2/26 - 3/2,2015,0,7,6,5,16,0,8,1,8,6,0,1,2,Walker +2
http://www.publicpolicypolling.com/pdf/2015/PPP_Release_National_22415.pdf,PPP (D),,http://www.publicpolicypolling.com/pdf/2015/PPP_Release_National_22415.pdf,PPP (D),,2/20 - 2/22,2015,0,18,5,3,17,0,5,0,10,4,0,0,0,Walker +7
http://www.realclearpolitics.com/docs/2015/CNN_2016R_021815.pdf,CNN/ORC,,http://www.realclearpolitics.com/docs/2015/CNN_2016R_021815.pdf,CNN/ORC,,2/12 - 2/15,2015,0,9,3,6,12,1,7,2,17,11,0,1,2,Huckabee +5
http://www.foxnews.com/politics/interactive/2015/01/29/fox-news-poll-voters-believe-romney-clinton-remain-top-picks-for-2016-believe/,FOX News,,http://www.foxnews.com/politics/interactive/2015/01/29/fox-news-poll-voters-believe-romney-clinton-remain-top-picks-for-2016-believe/,FOX News,,1/25 - 1/27,2015,0,10,4,5,15,0,6,2,13,13,0,1,2,Bush +2
http://i2.cdn.turner.com/cnn/2014/images/12/24/poll2.pdf,CNN/ORC,,http://i2.cdn.turner.com/cnn/2014/images/12/24/poll2.pdf,CNN/ORC,,12/18 - 12/21,2014,0,7,4,5,23,0,13,3,6,6,0,0,2,Bush +10
http://www.langerresearch.com/uploads/1165a22016GOPPreferences.pdf,ABC/Wash Post,,http://www.langerresearch.com/uploads/1165a22016GOPPreferences.pdf,ABC/WP,,12/11 - 12/14,2014,0,8,8,7,14,0,7,2,7,10,0,0,3,Bush +4
https://s3.amazonaws.com/s3.documentcloud.org/documents/1380855/mcclatchy-marist-poll-2016-december-2014.pdf,McClatchy/Marist,,https://s3.amazonaws.com/s3.documentcloud.org/documents/1380855/mcclatchy-marist-poll-2016-december-2014.pdf,McClatchy,,12/3 - 12/9,2014,0,8,5,3,16,1,10,3,12,6,0,0,3,Bush +4
http://i2.cdn.turner.com/cnn/2014/images/12/02/cnnorcpoll12022014.pdf,CNN/ORC,,http://i2.cdn.turner.com/cnn/2014/images/12/02/cnnorcpoll12022014.pdf,CNN/ORC,,11/21 - 11/23,2014,0,11,7,3,14,0,9,3,10,8,0,0,2,Bush +3
http://www.quinnipiac.edu/news-and-events/quinnipiac-university-poll/national/release-detail?ReleaseID=2116,Quinnipiac,,http://www.quinnipiac.edu/news-and-events/quinnipiac-university-poll/national/release-detail?ReleaseID=2116,Quinnipiac,,11/18 - 11/23,2014,0,9,5,3,14,0,11,2,7,8,0,0,2,Bush +3
http://www.rasmussenreports.com/public_content/politics/elections/election_2016/clinton_still_leads_democrats_gop_race_wide_open_for_2016,Rasmussen,,http://www.rasmussenreports.com/public_content/politics/elections/election_2016/clinton_still_leads_democrats_gop_race_wide_open_for_2016,Rasmussen,,11/20 - 11/21,2014,0,0,0,0,18,0,15,0,0,13,0,0,0,Walker +2
http://www.washingtonpost.com/page/2010-2019/WashingtonPost/2014/10/19/National-Politics/Polling/question_14941.xml?uuid=b0cc4ldEEeS4bRhKwoE4jQ,ABC/Wash Post,,http://www.washingtonpost.com/page/2010-2019/WashingtonPost/2014/10/19/National-Politics/Polling/question_14941.xml?uuid=b0cc4ldEEeS4bRhKwoE4jQ,ABC/WP,,10/9 - 10/12,2014,0,7,4,8,13,0,8,2,12,12,0,0,4,Bush +1
https://s3.amazonaws.com/s3.documentcloud.org/documents/1308863/2016-mcclatchy-marist-poll-presidency-october-2014.pdf#storylink=relast,McClatchy/Marist,,https://s3.amazonaws.com/s3.documentcloud.org/documents/1308863/2016-mcclatchy-marist-poll-presidency-october-2014.pdf#storylink=relast,McClatchy,,9/24 - 9/29,2014,0,0,4,6,15,0,12,0,0,13,0,0,3,Bush +2
"http://maristpoll.marist.edu/wp-content/misc/usapolls/us140804/2016/Complete%20August%2014,%202014%20McClatchy_Marist%20Poll%20Release%20and%20Tables.pdf",McClatchy/Marist,,"http://maristpoll.marist.edu/wp-content/misc/usapolls/us140804/2016/Complete%20August%2014,%202014%20McClatchy_Marist%20Poll%20Release%20and%20Tables.pdf",McClatchy,,8/4 - 8/4,2014,0,0,10,9,13,0,13,0,0,7,0,0,3,Tie
http://www.foxnews.com/politics/interactive/2014/07/28/fox-news-polls-midterm-elections-2016-presidential-matchups/,FOX News,,http://www.foxnews.com/politics/interactive/2014/07/28/fox-news-polls-midterm-elections-2016-presidential-matchups/,FOX News,,7/20 - 7/22,2014,0,0,9,9,12,0,10,2,0,11,0,0,3,Tie
http://i2.cdn.turner.com/cnn/2014/images/07/27/cnn.orc.poll.pdf,CNN/ORC,,http://i2.cdn.turner.com/cnn/2014/images/07/27/cnn.orc.poll.pdf,CNN/ORC,,7/18 - 7/20,2014,0,0,8,6,8,0,13,0,12,12,0,0,3,Christie +1
http://www.quinnipiac.edu/news-and-events/quinnipiac-university-poll/national/release-detail?ReleaseID=2058,Quinnipiac,,http://www.quinnipiac.edu/news-and-events/quinnipiac-university-poll/national/release-detail?ReleaseID=2058,Quinnipiac,,6/24 - 6/30,2014,0,0,8,6,10,0,10,2,10,11,0,0,2,Paul +1
http://i2.cdn.turner.com/cnn/2014/images/06/15/cnn.poll.hillary.democrats.pdf,CNN/ORC,,http://i2.cdn.turner.com/cnn/2014/images/06/15/cnn.poll.hillary.democrats.pdf,CNN/ORC,,5/29 - 6/1,2014,0,0,9,8,12,0,8,0,11,14,0,0,4,Paul +2
http://i2.cdn.turner.com/cnn/2014/images/05/06/rel5d.pdf,CNN/ORC,,http://i2.cdn.turner.com/cnn/2014/images/05/06/rel5d.pdf,CNN/ORC,,5/2 - 5/4,2014,0,0,7,6,13,0,9,0,10,13,0,0,2,Tie
http://www.washingtonpost.com/page/2010-2019/WashingtonPost/2014/04/30/National-Politics/Polling/question_14031.xml,ABC/Wash Post,,http://www.washingtonpost.com/page/2010-2019/WashingtonPost/2014/04/30/National-Politics/Polling/question_14031.xml,ABC/WP,,4/24 - 4/27,2014,0,0,7,6,12,0,9,1,14,15,0,0,0,Paul +1
http://www.foxnews.com/politics/interactive/2014/04/16/fox-news-poll-many-voters-say-obama-lies-to-country-on-important-matters/,FOX News,,http://www.foxnews.com/politics/interactive/2014/04/16/fox-news-poll-many-voters-say-obama-lies-to-country-on-important-matters/,FOX News,,4/13 - 4/15,2014,0,0,7,8,14,0,15,0,0,14,0,0,5,Christie +1
http://www.mcclatchydc.com/2014/04/15/224503/poll-christie-regaining-but-clinton.html,McClatchy/Marist,,http://www.mcclatchydc.com/2014/04/15/224503/poll-christie-regaining-but-clinton.html,McClatchy,,4/7 - 4/10,2014,0,0,4,7,13,0,12,0,13,12,0,0,3,Tie
http://reason.com/assets/db/13964619214696.pdf,Reason-Rupe,,http://reason.com/assets/db/13964619214696.pdf,Reason,,3/26 - 3/30,2014,0,0,6,6,11,0,10,0,15,11,0,0,0,Huckabee +4
http://www.realclearpolitics.com/docs/2014/WPA_GOP2016_033014.pdf,WPA (R),,http://www.realclearpolitics.com/docs/2014/WPA_GOP2016_033014.pdf,WPA (R),,3/18 - 3/20,2014,0,0,9,6,11,0,9,0,13,13,0,0,3,Tie
http://politicalticker.blogs.cnn.com/2014/03/16/cnn-poll-rand-paul-goes-where-his-father-never-went/,CNN/ORC,,http://politicalticker.blogs.cnn.com/2014/03/16/cnn-poll-rand-paul-goes-where-his-father-never-went/,CNN/ORC,,3/7 - 3/9,2014,0,0,8,5,9,0,8,0,10,16,0,0,3,Paul +5
http://www.publicpolicypolling.com/pdf/2014/PPP_Release_National_314.pdf,PPP (D),,http://www.publicpolicypolling.com/pdf/2014/PPP_Release_National_314.pdf,PPP (D),,3/6 - 3/9,2014,0,0,11,6,15,0,14,0,18,14,0,0,0,Huckabee +3
https://www.documentcloud.org/documents/1016978-mcclatchy-marist-poll-2016-nature-of-the-sample.html,McClatchy/Marist,,https://www.documentcloud.org/documents/1016978-mcclatchy-marist-poll-2016-nature-of-the-sample.html,McClatchy,,2/4 - 2/9,2014,0,0,5,12,8,0,13,1,13,9,0,0,2,Tie
http://www.realclearpolitics.com/docs/2014/CNN_2016_Jan2013.pdf,CNN/ORC,,http://www.realclearpolitics.com/docs/2014/CNN_2016_Jan2013.pdf,CNN/ORC,,1/31 - 2/2,2014,0,0,10,10,9,0,12,0,16,14,0,0,5,Huckabee +2
http://www.publicpolicypolling.com/pdf/2014/PPP_Release_National_129.pdf,PPP (D),,http://www.publicpolicypolling.com/pdf/2014/PPP_Release_National_129.pdf,PPP (D),,1/23 - 1/26,2014,0,0,8,8,14,0,13,0,16,11,0,0,0,Huckabee +2
http://www.washingtonpost.com/page/2010-2019/WashingtonPost/2014/01/30/National-Politics/Polling/question_13046.xml,ABC/Wash Post,,http://www.washingtonpost.com/page/2010-2019/WashingtonPost/2014/01/30/National-Politics/Polling/question_13046.xml,ABC/WP,,1/20 - 1/23,2014,0,0,12,10,18,0,14,0,0,11,0,0,0,Bush +4
http://www.quinnipiac.edu/institutes-and-centers/polling-institute/national/release-detail?ReleaseID=1998,Quinnipiac,,http://www.quinnipiac.edu/institutes-and-centers/polling-institute/national/release-detail?ReleaseID=1998,Quinnipiac,,1/15 - 1/19,2014,0,0,9,8,11,0,12,2,0,13,0,0,0,Paul +1
http://msnbcmedia.msn.com/i/MSNBC/Sections/A_Politics/_Today_Stories_Teases/ChristiePoll.pdf,NBC/Marist,,http://msnbcmedia.msn.com/i/MSNBC/Sections/A_Politics/_Today_Stories_Teases/ChristiePoll.pdf,NBC/Marist,,1/12 - 1/14,2014,0,0,5,7,8,0,16,0,0,9,0,0,5,Christie +7
http://www.foxnews.com/politics/interactive/2013/12/26/fox-news-poll-clinton-christie-on-top-in-2016-preference-test/,FOX News,,http://www.foxnews.com/politics/interactive/2013/12/26/fox-news-poll-clinton-christie-on-top-in-2016-preference-test/,FOX News,,12/14 - 12/16,2013,0,0,12,8,12,0,16,0,0,11,0,0,3,Christie +4
http://www.publicpolicypolling.com/pdf/2013/PPP_Release_National_1218.pdf,PPP (D),,http://www.publicpolicypolling.com/pdf/2013/PPP_Release_National_1218.pdf,PPP (D),,12/12 - 12/15,2013,0,0,14,7,10,0,19,0,13,11,0,0,0,Christie +5
http://www.quinnipiac.edu/institutes-and-centers/polling-institute/national/release-detail?ReleaseID=1988,Quinnipiac,,http://www.quinnipiac.edu/institutes-and-centers/polling-institute/national/release-detail?ReleaseID=1988,Quinnipiac,,12/3 - 12/9,2013,0,0,13,7,11,0,17,2,0,14,0,0,0,Christie +3
http://www.mcclatchydc.com/2013/12/10/211208/hillary-clinton-dominates-early.html,McClatchy/Marist,,http://www.mcclatchydc.com/2013/12/10/211208/hillary-clinton-dominates-early.html,McClatchy,,12/3 - 12/5,2013,0,0,10,7,10,0,18,0,0,12,0,0,4,Christie +6
http://dyn.realclearpolitics.com/docs/2013/CNN_GOP2016_1129.pdf,CNN/ORC,,http://dyn.realclearpolitics.com/docs/2013/CNN_GOP2016_1129.pdf,CNN/ORC,,11/18 - 11/20,2013,0,0,11,10,5,0,24,0,0,15,0,0,6,Christie +9
http://www.rasmussenreports.com/public_content/politics/elections/election_2016/2016_clinton_still_far_ahead_among_democrats_christie_paul_in_near_tie,Rasmussen,,http://www.rasmussenreports.com/public_content/politics/elections/election_2016/2016_clinton_still_far_ahead_among_democrats_christie_paul_in_near_tie,Rasmussen,,11/7 - 11/8,2013,0,0,12,16,12,0,22,0,0,20,0,0,0,Christie +2
http://www.publicpolicypolling.com/pdf/2013/PPP_Release_US_110513.pdf,PPP (D),,http://www.publicpolicypolling.com/pdf/2013/PPP_Release_US_110513.pdf,PPP (D),,10/29 - 10/31,2013,0,0,15,10,14,0,16,0,0,16,0,0,5,Tie
http://www.quinnipiac.edu/institutes-and-centers/polling-institute/national/release-detail?ReleaseID=1959,Quinnipiac,,http://www.quinnipiac.edu/institutes-and-centers/polling-institute/national/release-detail?ReleaseID=1959,Quinnipiac,,9/23 - 9/29,2013,0,0,10,12,11,0,13,0,0,17,0,0,0,Paul +4
http://www.publicpolicypolling.com/pdf/2013/PPP_Release_National_927.pdf,PPP (D),,http://www.publicpolicypolling.com/pdf/2013/PPP_Release_National_927.pdf,PPP (D),,9/25 - 9/26,2013,0,0,20,10,11,0,14,0,0,17,0,0,3,Cruz +3
http://www.cnn.com/2013/09/16/politics/2016-poll-deep-dive/index.html?hpt=hp_t2,CNN/ORC,,http://www.cnn.com/2013/09/16/politics/2016-poll-deep-dive/index.html?hpt=hp_t2,CNN/ORC,,9/6 - 9/8,2013,0,0,7,9,10,0,17,0,0,13,0,0,5,Christie +4
http://www.rasmussenreports.com/public_content/politics/elections/election_2016/christie_is_candidate_gop_voters_want_least_as_their_2016_nominee,Rasmussen,,http://www.rasmussenreports.com/public_content/politics/elections/election_2016/christie_is_candidate_gop_voters_want_least_as_their_2016_nominee,Rasmussen,,8/1 - 8/2,2013,0,0,0,18,16,0,21,0,0,15,0,0,0,Christie +3
http://www.publicpolicypolling.com/pdf/2011/PPP_Release_National_725.pdf,PPP (D),,http://www.publicpolicypolling.com/pdf/2011/PPP_Release_National_725.pdf,PPP (D),,7/19 - 7/21,2013,0,0,12,10,13,0,13,0,0,16,0,0,4,Paul +3
"http://maristpoll.marist.edu/wp-content/misc/usapolls/us130715/Campaign%202016/Complete%20July%2024,%202013%20USA%20McClatchy-Marist%20Poll%20Results%20and%20Tables.pdf",McClatchy/Marist,,"http://maristpoll.marist.edu/wp-content/misc/usapolls/us130715/Campaign%202016/Complete%20July%2024,%202013%20USA%20McClatchy-Marist%20Poll%20Results%20and%20Tables.pdf",McClatchy,,7/15 - 7/18,2013,0,0,7,12,10,0,15,0,0,9,0,0,2,Christie +3
http://www.publicpolicypolling.com/pdf/2011/PPP_Release_National_515Final.pdf,PPP (D),,http://www.publicpolicypolling.com/pdf/2011/PPP_Release_National_515Final.pdf,PPP (D),,5/6 - 5/9,2013,0,0,7,16,15,0,15,0,0,14,0,0,5,Rubio +1
http://www.quinnipiac.edu/institutes-centers/polling-institute/national/release-detail?ReleaseID=1876,Quinnipiac,,http://www.quinnipiac.edu/institutes-centers/polling-institute/national/release-detail?ReleaseID=1876,Quinnipiac,,3/26 - 4/1,2013,0,0,0,19,10,0,14,0,0,15,0,0,0,Rubio +4
http://www.publicpolicypolling.com/pdf/2011/PPP_Release_4313.pdf,PPP (D),,http://www.publicpolicypolling.com/pdf/2011/PPP_Release_4313.pdf,PPP (D),,3/27 - 3/30,2013,0,0,0,21,12,0,15,0,0,17,0,0,5,Rubio +4
http://www.publicpolicypolling.com/pdf/2011/PPP_Release_National_207.pdf,PPP (D),,http://www.publicpolicypolling.com/pdf/2011/PPP_Release_National_207.pdf,PPP (D),,1/31 - 2/3,2013,0,0,0,22,13,0,13,0,11,10,0,0,0,Rubio +9
http://www.publicpolicypolling.com/pdf/2011/PPP_Release_National_011013.pdf,PPP (D),,http://www.publicpolicypolling.com/pdf/2011/PPP_Release_National_011013.pdf,PPP (D),,1/3 - 1/6,2013,0,0,0,21,14,0,14,0,15,5,0,0,0,Rubio +6
http://www.publicpolicypolling.com/pdf/2011/PPP_Release_National_1206.pdf,PPP (D),,http://www.publicpolicypolling.com/pdf/2011/PPP_Release_National_1206.pdf,PPP (D),,11/30 - 12/2,2012,0,0,0,18,12,0,14,0,11,7,0,0,4,Rubio +4
